,AGOSTO (PESO EM KG),Unnamed: 1,Unnamed: 2,Unnamed: 3,Unnamed: 4,Unnamed: 5,Unnamed: 6,Unnamed: 7,Unnamed: 8,Unnamed: 9,Unnamed: 10,Unnamed: 11,Unnamed: 12,Unnamed: 13,Unnamed: 14,Unnamed: 15,Unnamed: 16,Unnamed: 17,Unnamed: 18,Unnamed: 19,Unnamed: 20,Unnamed: 21,Unnamed: 22,Unnamed: 23,Unnamed: 24,Unnamed: 25,Unnamed: 26,Unnamed: 27,Unnamed: 28,Unnamed: 29,Unnamed: 30,Unnamed: 31
0,DIAS,1,2,3,4,5,6,7,8,9,10,11,12,13,14,15,16,17,18,19,20,21,22,23,24,25,26,27,28,29,30,31
1,,SAB,DOM,SEG,TER,QUA,QUI,SEX,SÁB,DOM,SEG,TER,QUA,QUI,SEX,SÁB,DOM,SEG,TER,QUA,QUI,SEX,SÁB,DOM,SEG,TER,QUA,QUI,SEX,SÁB,DOM,SEG
2,Galhada,,,1710,7990,9450,940,2510,2090,,4610,3740,2630,4570,3150,180,,1030,3220,140,FERIADO,440,1990,,8590,2600,7360,4210,16780,1810,,4510
3,Entulho,42460,,117420,295050,241880,234180,248220,94010,,240130,204060,216110,155680,189760,127470,,295990,200300,215140,FERIADO,188340,87300,,260950,201140,206490,165420,156690,52220,,201460
4,Classe 2A,107560,,95210,151230,95530,87950,89700,110560,,89260,145290,102670,89200,57150,112160,,100870,132530,81510,65320,71640,92910,,97160,145210,67000,67360,73290,110850,,71210
5,Seletiva,360,,370,460,480,520,620,1010,,390,440,570,470,2500,4560,,480,370,960,850,520,340,,580,680,520,860,1950,270,,310
6,Solo_diario,,,,,,711750,705600,,,352800,806400,252000,403200,403200,,,806400,453600,907200,FERIADO,289800,,,806400,453600,403200,554900,,,,403200
7,Água,,,,,,,,,,20000,30000,20000,40000,30000,,,30000,0,42000,FERIADO,MANUT.,MANUT.,,40000,30000,0,30000,0,,,
8,,SOMA (KG),,,,,,,,,,,,,,,,,,,,,,,,,,,,,,
9,Galhada,96250,,,,,,,,,,,,,,,,,,,,,,,,,,,,,,
10,Entulho,4637870,,,,,,,,,,,,,,,,,,,,,,,,,,,,,,
11,Classe 2A,2510330,,,,,,,,,,,,,,,,,,,,,,,,,,,,,,
12,Seletiva,21440,,,,,,,,,,,,,,,,,,,,,,,,,,,,,,
13,Solo_diario,8713250,,,,,,,,,,,,,,,,,,,,,,,,,,,,,,
14,Água,312000,,,,,,,,,,,,,,,,,,,,,,,,,,,,,,
15,,,,,,,,,,,,,,,,,,,,,,,,,,,,,,,,
16,,,,,,,,,,,,,,,,,,,,,,,,,,,,,,,,
17,TEMPO,,VIAG/HR,,,,,,,,,,,,,,,,,,,,,,,,,,,,,
18,Solo_total_hora,100800,8,,,,,,,,,,,,,,,,,,,,,,,,,,,,,
19,Solo_por_hora,50400,4,,,,,,,,,,,,,,,,,,,,,,,,,,,,,
20,Solo_por_caminhão,12600,1,,,,,,,,,,,,,,,,,,,,,,,,,,,,,
21,Água,10000,1,,,,,,,,,,,,,,,,,,,,,,,,,,,,,
22,Água,6000,1,,,,,,,,,,,,,,,,,,,,,,,,,,,,,
23,,,,,,,,,,,,,,,,,,,,,,,,,,,,,,,,
24,,,,,,,,,,,,,,,,,,,,,,,,,,,,,,,,
25,DISTANCIA PERCORRIDA,,,DIST/HR,,,,,,,,,,,,,,,,,,,,,,,,,,,,
26,PIPA,REP+ATER,7.205,,,,,,,,,,,,,,,,,,,,,,,,,,,,,
27,,ABASTECER,6.46,,,,,,,,,,,,,,,,,,,,,,,,,,,,,
28,MERCEDES,JAZ -> CEL,1.03,4.12,,,,,,,,,,,,,,,,,,,,,,,,,,,,
29,FORD,,,,,,,,,,,,,,,,,,,,,,,,,,,,,,,
